onset	duration	trial_type	real_time
0.23417820781469345	3.916507833171636	attention_getter	15:17:38:179087
4.160265875048935	6.515656124800444	dog.mp4	15:17:42:105114
